{"final_train_loss": 0.0038436006288975477, "final_val_loss": 0.0041710082441568375, "final_train_acc": 1.0, "final_val_acc": 1.0, "step_val_acc_99": 3770}