{"x_div_y": {"means": {"final_train_loss_mean": 0.005889564519748092, "final_val_loss_mean": 0.00690393087764581, "final_train_acc_mean": 1.0, "final_val_acc_mean": 1.0, "step_val_acc_99_mean": 3796.6666666666665}, "stderrs": {"final_train_loss_stderr": 0.0005327736205934803, "final_val_loss_stderr": 0.0006442020805532625, "final_train_acc_stderr": 0.0, "final_val_acc_stderr": 0.0, "step_val_acc_99_stderr": 27.932900199947852}, "final_info_dict": {"final_train_loss": [0.0038436006288975477, 0.0060803997330367565, 0.007744693197309971], "final_val_loss": [0.0041710082441568375, 0.008298689499497414, 0.00824209488928318], "final_train_acc": [1.0, 1.0, 1.0], "final_val_acc": [1.0, 1.0, 1.0], "step_val_acc_99": [3770, 3710, 3910]}}, "x_minus_y": {"means": {"final_train_loss_mean": 0.004619533661752939, "final_val_loss_mean": 0.005242845043540001, "final_train_acc_mean": 1.0, "final_val_acc_mean": 1.0, "step_val_acc_99_mean": 3913.3333333333335}, "stderrs": {"final_train_loss_stderr": 0.00017193591701975845, "final_val_loss_stderr": 0.0002286728308139891, "final_train_acc_stderr": 0.0, "final_val_acc_stderr": 0.0, "step_val_acc_99_stderr": 94.84229925721468}, "final_info_dict": {"final_train_loss": [0.005006682593375444, 0.003890540450811386, 0.004961377941071987], "final_val_loss": [0.005884394980967045, 0.0042917984537780285, 0.005552341695874929], "final_train_acc": [1.0, 1.0, 1.0], "final_val_acc": [1.0, 1.0, 1.0], "step_val_acc_99": [3970, 4230, 3540]}}, "x_plus_y": {"means": {"final_train_loss_mean": 0.6017935832496732, "final_val_loss_mean": 0.1511157164350152, "final_train_acc_mean": 0.8959635496139526, "final_val_acc_mean": 0.967529296875, "step_val_acc_99_mean": 2580.0}, "stderrs": {"final_train_loss_stderr": 0.2818104741073704, "final_val_loss_stderr": 0.06921041296797321, "final_train_acc_stderr": 0.0490432530390346, "final_val_acc_stderr": 0.015306836246388482, "step_val_acc_99_stderr": 67.71399548974485}, "final_info_dict": {"final_train_loss": [0.0035549134481698275, 0.004411771893501282, 1.7974140644073486], "final_val_loss": [0.003603910095989704, 0.004993705078959465, 0.44474953413009644], "final_train_acc": [1.0, 1.0, 0.6878906488418579], "final_val_acc": [1.0, 1.0, 0.902587890625], "step_val_acc_99": [2850, 2530, 2360]}}, "permutation": {"means": {"final_train_loss_mean": 0.012242266908288002, "final_val_loss_mean": 5.207236337165038, "final_train_acc_mean": 1.0, "final_val_acc_mean": 0.3406575520833333, "step_val_acc_99_mean": 7443.333333333333}, "stderrs": {"final_train_loss_stderr": 0.0012775412757137128, "final_val_loss_stderr": 1.2106228131164174, "final_train_acc_stderr": 0.0, "final_val_acc_stderr": 0.1542026800376313, "step_val_acc_99_stderr": 26.71292284482513}, "final_info_dict": {"final_train_loss": [0.015075971372425556, 0.014826801605522633, 0.006824027746915817], "final_val_loss": [8.024334907531738, 7.5180511474609375, 0.07932295650243759], "final_train_acc": [1.0, 1.0, 1.0], "final_val_acc": [0.01025390625, 0.016845703125, 0.994873046875], "step_val_acc_99": [7500, 7500, 7330]}}}