{"final_train_loss": 1.7974140644073486, "final_val_loss": 0.44474953413009644, "final_train_acc": 0.6878906488418579, "final_val_acc": 0.902587890625, "step_val_acc_99": 2360}