{"final_train_loss": 0.014826801605522633, "final_val_loss": 7.5180511474609375, "final_train_acc": 1.0, "final_val_acc": 0.016845703125, "step_val_acc_99": 7500}