{"final_train_loss": 0.005006682593375444, "final_val_loss": 0.005884394980967045, "final_train_acc": 1.0, "final_val_acc": 1.0, "step_val_acc_99": 3970}