{"final_train_loss": 0.015075971372425556, "final_val_loss": 8.024334907531738, "final_train_acc": 1.0, "final_val_acc": 0.01025390625, "step_val_acc_99": 7500}