{"final_train_loss": 0.004961377941071987, "final_val_loss": 0.005552341695874929, "final_train_acc": 1.0, "final_val_acc": 1.0, "step_val_acc_99": 3540}