{"final_train_loss": 0.007744693197309971, "final_val_loss": 0.00824209488928318, "final_train_acc": 1.0, "final_val_acc": 1.0, "step_val_acc_99": 3910}