{"final_train_loss": 0.006824027746915817, "final_val_loss": 0.07932295650243759, "final_train_acc": 1.0, "final_val_acc": 0.994873046875, "step_val_acc_99": 7330}