{"final_train_loss": 0.003890540450811386, "final_val_loss": 0.0042917984537780285, "final_train_acc": 1.0, "final_val_acc": 1.0, "step_val_acc_99": 4230}