{"final_train_loss": 0.0035549134481698275, "final_val_loss": 0.003603910095989704, "final_train_acc": 1.0, "final_val_acc": 1.0, "step_val_acc_99": 2850}