{"final_train_loss": 0.004411771893501282, "final_val_loss": 0.004993705078959465, "final_train_acc": 1.0, "final_val_acc": 1.0, "step_val_acc_99": 2530}