{"final_train_loss": 0.00583913829177618, "final_val_loss": 0.6756992340087891, "final_train_acc": 1.0, "final_val_acc": 0.807373046875, "step_val_acc_99": 7500}