{"final_train_loss": 0.004062493797391653, "final_val_loss": 0.0044562011025846004, "final_train_acc": 1.0, "final_val_acc": 1.0, "step_val_acc_99": 3810}