{"final_train_loss": 0.002697652205824852, "final_val_loss": 0.0028383086901158094, "final_train_acc": 1.0, "final_val_acc": 1.0, "step_val_acc_99": 2340}