{"final_train_loss": 0.0022186548449099064, "final_val_loss": 0.002253565937280655, "final_train_acc": 1.0, "final_val_acc": 1.0, "step_val_acc_99": 2430}