{"x_div_y": {"means": {"final_train_loss_mean": 0.0051286482873062296, "final_val_loss_mean": 0.0058011244982481, "final_train_acc_mean": 1.0, "final_val_acc_mean": 1.0, "step_val_acc_99_mean": 4273.333333333333}, "stderrs": {"final_train_loss_stderr": 0.0002939818407727349, "final_val_loss_stderr": 0.0003222274485629162, "final_train_acc_stderr": 0.0, "final_val_acc_stderr": 0.0, "step_val_acc_99_stderr": 163.07992435733792}, "final_info_dict": {"final_train_loss": [0.005101165268570185, 0.004062493797391653, 0.00622228579595685], "final_val_loss": [0.006261223461478949, 0.0044562011025846004, 0.006685948930680752], "final_train_acc": [1.0, 1.0, 1.0], "final_val_acc": [1.0, 1.0, 1.0], "step_val_acc_99": [4950, 3810, 4060]}}, "x_minus_y": {"means": {"final_train_loss_mean": 0.012638177489861846, "final_val_loss_mean": 0.012431656320889791, "final_train_acc_mean": 1.0, "final_val_acc_mean": 1.0, "step_val_acc_99_mean": 4276.666666666667}, "stderrs": {"final_train_loss_stderr": 0.0031108638081345746, "final_val_loss_stderr": 0.002345217150815245, "final_train_acc_stderr": 0.0, "final_val_acc_stderr": 0.0, "step_val_acc_99_stderr": 168.04614298709598}, "final_info_dict": {"final_train_loss": [0.0037824951577931643, 0.00859084539115429, 0.025541191920638084], "final_val_loss": [0.004372521303594112, 0.01140767615288496, 0.0215147715061903], "final_train_acc": [1.0, 1.0, 1.0], "final_val_acc": [1.0, 1.0, 1.0], "step_val_acc_99": [4860, 4340, 3630]}}, "x_plus_y": {"means": {"final_train_loss_mean": 0.003282314476867517, "final_val_loss_mean": 1.4834302957945813, "final_train_acc_mean": 1.0, "final_val_acc_mean": 0.735595703125, "step_val_acc_99_mean": 2410.0}, "stderrs": {"final_train_loss_stderr": 0.00039394335369005896, "final_val_loss_stderr": 0.6980955858917587, "final_train_acc_stderr": 0.0, "final_val_acc_stderr": 0.12464138086344906, "step_val_acc_99_stderr": 16.99673171197595}, "final_info_dict": {"final_train_loss": [0.002697652205824852, 0.0022186548449099064, 0.004930636379867792], "final_val_loss": [0.0028383086901158094, 0.002253565937280655, 4.445199012756348], "final_train_acc": [1.0, 1.0, 1.0], "final_val_acc": [1.0, 1.0, 0.206787109375], "step_val_acc_99": [2340, 2430, 2460]}}, "permutation": {"means": {"final_train_loss_mean": 0.06612378917634487, "final_val_loss_mean": 5.423408031463623, "final_train_acc_mean": 0.9911458293596903, "final_val_acc_mean": 0.273193359375, "step_val_acc_99_mean": 7500.0}, "stderrs": {"final_train_loss_stderr": 0.026875767794839512, "final_val_loss_stderr": 1.1190492233851328, "final_train_acc_stderr": 0.004173896067697193, "final_val_acc_stderr": 0.12590751760128785, "step_val_acc_99_stderr": 0.0}, "final_info_dict": {"final_train_loss": [0.012448075227439404, 0.18008415400981903, 0.00583913829177618], "final_val_loss": [7.807587146759033, 7.786937713623047, 0.6756992340087891], "final_train_acc": [1.0, 0.973437488079071, 1.0], "final_val_acc": [0.0068359375, 0.00537109375, 0.807373046875], "step_val_acc_99": [7500, 7500, 7500]}}}