{"final_train_loss": 0.004930636379867792, "final_val_loss": 4.445199012756348, "final_train_acc": 1.0, "final_val_acc": 0.206787109375, "step_val_acc_99": 2460}