{"final_train_loss": 0.005101165268570185, "final_val_loss": 0.006261223461478949, "final_train_acc": 1.0, "final_val_acc": 1.0, "step_val_acc_99": 4950}