{"final_train_loss": 1.0825258493423462, "best_val_loss": 1.0044764280319214, "total_train_time": 1437.846676826477, "avg_inference_tokens_per_second": 416.0186710836945}