{"final_train_loss": 1.5422896146774292, "best_val_loss": 1.3834904432296753, "total_train_time": 188.85037660598755, "avg_inference_tokens_per_second": 413.5065365382592}