{"final_train_loss": 1.0157464742660522, "best_val_loss": 0.9780493974685669, "total_train_time": 1424.7843985557556, "avg_inference_tokens_per_second": 411.1198220862101}