{"final_train_loss": 1.599365234375, "best_val_loss": 1.3810025453567505, "total_train_time": 193.72887635231018, "avg_inference_tokens_per_second": 396.168126368763}