{"final_train_loss": 1.5707366466522217, "best_val_loss": 1.3856185674667358, "total_train_time": 187.12083792686462, "avg_inference_tokens_per_second": 413.6970651858578}