{"shakespeare_char": {"means": {"final_train_loss_mean": 1.5707971652348836, "best_val_loss_mean": 1.3833705186843872, "total_train_time_mean": 189.9000302950541, "avg_inference_tokens_per_second_mean": 407.79057603096}, "stderrs": {"final_train_loss_stderr": 0.007767021154712134, "best_val_loss_stderr": 0.0006287967022572983, "total_train_time_stderr": 0.9326534272854913, "avg_inference_tokens_per_second_stderr": 2.739560351374544}, "final_info_dict": {"final_train_loss": [1.599365234375, 1.5422896146774292, 1.5707366466522217], "best_val_loss": [1.3810025453567505, 1.3834904432296753, 1.3856185674667358], "total_train_time": [193.72887635231018, 188.85037660598755, 187.12083792686462], "avg_inference_tokens_per_second": [396.168126368763, 413.5065365382592, 413.6970651858578]}}, "enwik8": {"means": {"final_train_loss_mean": 1.0825258493423462, "best_val_loss_mean": 1.0044764280319214, "total_train_time_mean": 1437.846676826477, "avg_inference_tokens_per_second_mean": 416.0186710836945}, "stderrs": {"final_train_loss_stderr": 0.0, "best_val_loss_stderr": 0.0, "total_train_time_stderr": 0.0, "avg_inference_tokens_per_second_stderr": 0.0}, "final_info_dict": {"final_train_loss": [1.0825258493423462], "best_val_loss": [1.0044764280319214], "total_train_time": [1437.846676826477], "avg_inference_tokens_per_second": [416.0186710836945]}}, "text8": {"means": {"final_train_loss_mean": 1.0157464742660522, "best_val_loss_mean": 0.9780493974685669, "total_train_time_mean": 1424.7843985557556, "avg_inference_tokens_per_second_mean": 411.1198220862101}, "stderrs": {"final_train_loss_stderr": 0.0, "best_val_loss_stderr": 0.0, "total_train_time_stderr": 0.0, "avg_inference_tokens_per_second_stderr": 0.0}, "final_info_dict": {"final_train_loss": [1.0157464742660522], "best_val_loss": [0.9780493974685669], "total_train_time": [1424.7843985557556], "avg_inference_tokens_per_second": [411.1198220862101]}}}