{"final_train_loss": 0.006237885449081659, "final_val_loss": 0.006971579045057297, "final_train_acc": 1.0, "final_val_acc": 1.0, "step_val_acc_99": 3820}