{"final_train_loss": 0.0009669371065683663, "final_val_loss": 0.09989514946937561, "final_train_acc": 1.0, "final_val_acc": 0.98828125, "step_val_acc_99": 7500}