{"final_train_loss": 0.004570819437503815, "final_val_loss": 0.004910273477435112, "final_train_acc": 1.0, "final_val_acc": 1.0, "step_val_acc_99": 1770}