{"final_train_loss": 0.0037828690838068724, "final_val_loss": 0.004471982829272747, "final_train_acc": 1.0, "final_val_acc": 1.0, "step_val_acc_99": 4550}