{"final_train_loss": 0.0024679256603121758, "final_val_loss": 0.13546057045459747, "final_train_acc": 1.0, "final_val_acc": 0.972900390625, "step_val_acc_99": 7500}