{"final_train_loss": 0.0041907536797225475, "final_val_loss": 0.00697254529222846, "final_train_acc": 1.0, "final_val_acc": 1.0, "step_val_acc_99": 4640}