{"final_train_loss": 0.002180632436648011, "final_val_loss": 0.002173607936128974, "final_train_acc": 1.0, "final_val_acc": 1.0, "step_val_acc_99": 2350}