{"final_train_loss": 0.0034311716444790363, "final_val_loss": 0.0035176370292901993, "final_train_acc": 1.0, "final_val_acc": 1.0, "step_val_acc_99": 2590}