{"final_train_loss": 0.005106159020215273, "final_val_loss": 0.00555028859525919, "final_train_acc": 1.0, "final_val_acc": 1.0, "step_val_acc_99": 3220}