{"final_train_loss": 0.046485234051942825, "final_val_loss": 7.096399307250977, "final_train_acc": 0.995898425579071, "final_val_acc": 0.032958984375, "step_val_acc_99": 7500}