{"x_div_y": {"means": {"final_train_loss_mean": 0.005025311140343547, "final_val_loss_mean": 0.005915137783934672, "final_train_acc_mean": 1.0, "final_val_acc_mean": 1.0, "step_val_acc_99_mean": 3793.3333333333335}, "stderrs": {"final_train_loss_stderr": 0.00033415957600797233, "final_val_loss_stderr": 0.00035215273633585595, "final_train_acc_stderr": 0.0, "final_val_acc_stderr": 0.0, "step_val_acc_99_stderr": 209.66169104382905}, "final_info_dict": {"final_train_loss": [0.005055178888142109, 0.006237885449081659, 0.0037828690838068724], "final_val_loss": [0.006301851477473974, 0.006971579045057297, 0.004471982829272747], "final_train_acc": [1.0, 1.0, 1.0], "final_val_acc": [1.0, 1.0, 1.0], "step_val_acc_99": [3010, 3820, 4550]}}, "x_minus_y": {"means": {"final_train_loss_mean": 0.004242694781472285, "final_val_loss_mean": 0.00534682363892595, "final_train_acc_mean": 1.0, "final_val_acc_mean": 1.0, "step_val_acc_99_mean": 3483.3333333333335}, "stderrs": {"final_train_loss_stderr": 0.00022826545394232203, "final_val_loss_stderr": 0.0004725930257374405, "final_train_acc_stderr": 0.0, "final_val_acc_stderr": 0.0, "step_val_acc_99_stderr": 285.7910831531952}, "final_info_dict": {"final_train_loss": [0.0041907536797225475, 0.0034311716444790363, 0.005106159020215273], "final_val_loss": [0.00697254529222846, 0.0035176370292901993, 0.00555028859525919], "final_train_acc": [1.0, 1.0, 1.0], "final_val_acc": [1.0, 1.0, 1.0], "step_val_acc_99": [4640, 2590, 3220]}}, "x_plus_y": {"means": {"final_train_loss_mean": 0.0028838004606465497, "final_val_loss_mean": 0.0030028860395153365, "final_train_acc_mean": 1.0, "final_val_acc_mean": 1.0, "step_val_acc_99_mean": 2260.0}, "stderrs": {"final_train_loss_stderr": 0.00039946450246463363, "final_val_loss_stderr": 0.0004508489419478476, "final_train_acc_stderr": 0.0, "final_val_acc_stderr": 0.0, "step_val_acc_99_stderr": 122.95738496942148}, "final_info_dict": {"final_train_loss": [0.0018999495077878237, 0.002180632436648011, 0.004570819437503815], "final_val_loss": [0.001924776704981923, 0.002173607936128974, 0.004910273477435112], "final_train_acc": [1.0, 1.0, 1.0], "final_val_acc": [1.0, 1.0, 1.0], "step_val_acc_99": [2660, 2350, 1770]}}, "permutation": {"means": {"final_train_loss_mean": 0.016640032272941124, "final_val_loss_mean": 2.4439183423916497, "final_train_acc_mean": 0.998632808526357, "final_val_acc_mean": 0.6647135416666666, "step_val_acc_99_mean": 7500.0}, "stderrs": {"final_train_loss_stderr": 0.007037546361042543, "final_val_loss_stderr": 1.096610960120999, "final_train_acc_stderr": 0.0006445002414622558, "final_val_acc_stderr": 0.14892068687052992, "step_val_acc_99_stderr": 0.0}, "final_info_dict": {"final_train_loss": [0.046485234051942825, 0.0009669371065683663, 0.0024679256603121758], "final_val_loss": [7.096399307250977, 0.09989514946937561, 0.13546057045459747], "final_train_acc": [0.995898425579071, 1.0, 1.0], "final_val_acc": [0.032958984375, 0.98828125, 0.972900390625], "step_val_acc_99": [7500, 7500, 7500]}}}