{"circle": {"means": {"training_time": 38.1941339969635, "eval_loss": 3.730898095518732, "inference_time": 0.4874441623687744, "kl_divergence": 22.414216535258728}}, "dino": {"means": {"training_time": 37.3057017326355, "eval_loss": 6.063925301632308, "inference_time": 0.3033123016357422, "kl_divergence": 21.80069243422399}}, "line": {"means": {"training_time": 37.44538617134094, "eval_loss": 3.948403985908879, "inference_time": 0.314741849899292, "kl_divergence": 16.403717295385004}}, "moons": {"means": {"training_time": 37.7273530960083, "eval_loss": 6.506211704000488, "inference_time": 0.2993752956390381, "kl_divergence": 18.308350386065424}}}