{"final_train_loss": 0.012448075227439404, "final_val_loss": 7.807587146759033, "final_train_acc": 1.0, "final_val_acc": 0.0068359375, "step_val_acc_99": 7500}