{"final_train_loss": 0.18008415400981903, "final_val_loss": 7.786937713623047, "final_train_acc": 0.973437488079071, "final_val_acc": 0.00537109375, "step_val_acc_99": 7500}