{"final_train_loss": 0.00859084539115429, "final_val_loss": 0.01140767615288496, "final_train_acc": 1.0, "final_val_acc": 1.0, "step_val_acc_99": 4340}