{"final_train_loss": 0.0037824951577931643, "final_val_loss": 0.004372521303594112, "final_train_acc": 1.0, "final_val_acc": 1.0, "step_val_acc_99": 4860}