{"final_train_loss": 0.803891658782959, "best_val_loss": 1.4581124782562256, "total_train_time": 138.6761350631714, "avg_inference_tokens_per_second": 421.70247089401465}