{"final_train_loss": 0.8215144872665405, "best_val_loss": 1.4713189601898193, "total_train_time": 144.15781354904175, "avg_inference_tokens_per_second": 411.0798019936684}