{"final_train_loss": 0.9435489177703857, "best_val_loss": 1.0064448118209839, "total_train_time": 1218.38148355484, "avg_inference_tokens_per_second": 410.1909755340777}