{"shakespeare_char": {"means": {"final_train_loss_mean": 0.8091621001561483, "best_val_loss_mean": 1.4672847986221313, "total_train_time_mean": 140.30711030960083, "avg_inference_tokens_per_second_mean": 416.23425195279333}, "stderrs": {"final_train_loss_stderr": 0.0029219030773205766, "best_val_loss_stderr": 0.0021671503416094357, "total_train_time_stderr": 0.9111488079396356, "avg_inference_tokens_per_second_stderr": 1.4474527273593463}, "final_info_dict": {"final_train_loss": [0.8215144872665405, 0.8020801544189453, 0.803891658782959], "best_val_loss": [1.4713189601898193, 1.4724229574203491, 1.4581124782562256], "total_train_time": [144.15781354904175, 138.08738231658936, 138.6761350631714], "avg_inference_tokens_per_second": [411.0798019936684, 415.92048297069704, 421.70247089401465]}}, "enwik8": {"means": {"final_train_loss_mean": 0.9435489177703857, "best_val_loss_mean": 1.0064448118209839, "total_train_time_mean": 1218.38148355484, "avg_inference_tokens_per_second_mean": 410.1909755340777}, "stderrs": {"final_train_loss_stderr": 0.0, "best_val_loss_stderr": 0.0, "total_train_time_stderr": 0.0, "avg_inference_tokens_per_second_stderr": 0.0}, "final_info_dict": {"final_train_loss": [0.9435489177703857], "best_val_loss": [1.0064448118209839], "total_train_time": [1218.38148355484], "avg_inference_tokens_per_second": [410.1909755340777]}}, "text8": {"means": {"final_train_loss_mean": 1.0038907527923584, "best_val_loss_mean": 0.9802722930908203, "total_train_time_mean": 1198.3992521762848, "avg_inference_tokens_per_second_mean": 407.49398720849996}, "stderrs": {"final_train_loss_stderr": 0.0, "best_val_loss_stderr": 0.0, "total_train_time_stderr": 0.0, "avg_inference_tokens_per_second_stderr": 0.0}, "final_info_dict": {"final_train_loss": [1.0038907527923584], "best_val_loss": [0.9802722930908203], "total_train_time": [1198.3992521762848], "avg_inference_tokens_per_second": [407.49398720849996]}}}