{"final_train_loss": 1.0038907527923584, "best_val_loss": 0.9802722930908203, "total_train_time": 1198.3992521762848, "avg_inference_tokens_per_second": 407.49398720849996}