{"final_train_loss": 0.8020801544189453, "best_val_loss": 1.4724229574203491, "total_train_time": 138.08738231658936, "avg_inference_tokens_per_second": 415.92048297069704}