{"final_train_loss": 0.8031238317489624, "best_val_loss": 1.4650564193725586, "total_train_time": 137.51306200027466, "avg_inference_tokens_per_second": 415.11103008424897}