{"final_train_loss": 0.7954133749008179, "best_val_loss": 1.4687200784683228, "total_train_time": 138.3383777141571, "avg_inference_tokens_per_second": 427.00684476949465}