{"final_train_loss": 1.001370906829834, "best_val_loss": 0.9807093143463135, "total_train_time": 1199.6693999767303, "avg_inference_tokens_per_second": 412.41278276798846}