{"final_train_loss": 0.8004308938980103, "best_val_loss": 1.460974097251892, "total_train_time": 138.7680103778839, "avg_inference_tokens_per_second": 420.35728016195816}