{"final_train_loss": 0.818953812122345, "best_val_loss": 1.464077115058899, "total_train_time": 144.15041732788086, "avg_inference_tokens_per_second": 426.7395796504585}