{"final_train_loss": 0.7937918901443481, "best_val_loss": 1.466539740562439, "total_train_time": 138.0922122001648, "avg_inference_tokens_per_second": 409.78318545480363}