{"shakespeare_char": {"means": {"final_train_loss_mean": 0.8043921987215678, "best_val_loss_mean": 1.4638636509577434, "total_train_time_mean": 140.3368799686432, "avg_inference_tokens_per_second_mean": 418.96001508907347}, "stderrs": {"final_train_loss_stderr": 0.003549121240590618, "best_val_loss_stderr": 0.0007590574836437532, "total_train_time_stderr": 0.9035516827939983, "avg_inference_tokens_per_second_stderr": 2.3308572305220303}, "final_info_dict": {"final_train_loss": [0.818953812122345, 0.7937918901443481, 0.8004308938980103], "best_val_loss": [1.464077115058899, 1.466539740562439, 1.460974097251892], "total_train_time": [144.15041732788086, 138.0922122001648, 138.7680103778839], "avg_inference_tokens_per_second": [426.7395796504585, 409.78318545480363, 420.35728016195816]}}, "enwik8": {"means": {"final_train_loss_mean": 0.939862847328186, "best_val_loss_mean": 1.005716323852539, "total_train_time_mean": 1207.8200964927673, "avg_inference_tokens_per_second_mean": 414.6862181281916}, "stderrs": {"final_train_loss_stderr": 0.0, "best_val_loss_stderr": 0.0, "total_train_time_stderr": 0.0, "avg_inference_tokens_per_second_stderr": 0.0}, "final_info_dict": {"final_train_loss": [0.939862847328186], "best_val_loss": [1.005716323852539], "total_train_time": [1207.8200964927673], "avg_inference_tokens_per_second": [414.6862181281916]}}, "text8": {"means": {"final_train_loss_mean": 1.001370906829834, "best_val_loss_mean": 0.9807093143463135, "total_train_time_mean": 1199.6693999767303, "avg_inference_tokens_per_second_mean": 412.41278276798846}, "stderrs": {"final_train_loss_stderr": 0.0, "best_val_loss_stderr": 0.0, "total_train_time_stderr": 0.0, "avg_inference_tokens_per_second_stderr": 0.0}, "final_info_dict": {"final_train_loss": [1.001370906829834], "best_val_loss": [0.9807093143463135], "total_train_time": [1199.6693999767303], "avg_inference_tokens_per_second": [412.41278276798846]}}}