{"final_train_loss": 0.939862847328186, "best_val_loss": 1.005716323852539, "total_train_time": 1207.8200964927673, "avg_inference_tokens_per_second": 414.6862181281916}