{"circle": {"means": {"training_time": 34.07218623161316, "eval_loss": 0.43581021876286363, "inference_time": 0.2686958312988281, "kl_divergence": 0.3650265252958061}}, "dino": {"means": {"training_time": 33.47750735282898, "eval_loss": 0.6574622181522877, "inference_time": 0.1202096939086914, "kl_divergence": 0.9885227159635471}}, "line": {"means": {"training_time": 33.47853374481201, "eval_loss": 0.8093573130914927, "inference_time": 0.11849403381347656, "kl_divergence": 0.14638364153669245}}, "moons": {"means": {"training_time": 33.62767314910889, "eval_loss": 0.6192157949175676, "inference_time": 0.12060666084289551, "kl_divergence": 0.10923357486769747}}}