{"circle": {"means": {"training_time": 34.935985803604126, "eval_loss": 0.43276459634151604, "inference_time": 0.11905765533447266, "kl_divergence": 0.3700298277646751}}, "dino": {"means": {"training_time": 34.46002721786499, "eval_loss": 0.6668683214260794, "inference_time": 0.1228790283203125, "kl_divergence": 1.06087050311918}}, "line": {"means": {"training_time": 33.57499694824219, "eval_loss": 0.8020179120780867, "inference_time": 0.12131428718566895, "kl_divergence": 0.15544966171758057}}, "moons": {"means": {"training_time": 34.116273164749146, "eval_loss": 0.6150744966686229, "inference_time": 0.12332510948181152, "kl_divergence": 0.08976062984069062}}}