{"circle": {"means": {"training_time": 37.45060729980469, "eval_loss": 1.0179019056622634, "inference_time": 0.3117358684539795, "kl_divergence": 22.463165483287383}}, "dino": {"means": {"training_time": 36.53511166572571, "eval_loss": 1.2232005083957291, "inference_time": 0.29047560691833496, "kl_divergence": 23.18357523608546}}, "line": {"means": {"training_time": 36.542370080947876, "eval_loss": 1.3533439913674083, "inference_time": 0.293367862701416, "kl_divergence": 16.205507815201145}}, "moons": {"means": {"training_time": 36.700788736343384, "eval_loss": 1.192332716244261, "inference_time": 0.29362964630126953, "kl_divergence": 18.662101537901883}}}