{"final_train_loss": 0.8197475671768188, "best_val_loss": 1.4708290100097656, "total_train_time": 151.4721384048462, "avg_inference_tokens_per_second": 418.0173381894025}