{"circle": {"means": {"training_time": 53.45984601974487, "eval_loss": 0.4906680083183376, "inference_time": 0.681804895401001, "kl_divergence": 1.8346935153035067}}, "dino": {"means": {"training_time": 52.81509804725647, "eval_loss": 0.7280742783680596, "inference_time": 0.6951544284820557, "kl_divergence": 5.774732817915213}}, "line": {"means": {"training_time": 53.37069821357727, "eval_loss": 0.8050570090103637, "inference_time": 0.6787593364715576, "kl_divergence": 0.19706579380720107}}, "moons": {"means": {"training_time": 53.105048179626465, "eval_loss": 0.6196140037168323, "inference_time": 0.68792724609375, "kl_divergence": 0.4271388813651179}}}