{"circle": {"means": {"training_time": 34.201871395111084, "eval_loss": 0.44140505714489675, "inference_time": 0.12017631530761719, "kl_divergence": 0.36265023802862545}}, "dino": {"means": {"training_time": 33.737045764923096, "eval_loss": 0.6603785343182361, "inference_time": 0.12021279335021973, "kl_divergence": 1.0354823660001615}}, "line": {"means": {"training_time": 33.673604011535645, "eval_loss": 0.8069318528370479, "inference_time": 0.12323164939880371, "kl_divergence": 0.16904550597626872}}, "moons": {"means": {"training_time": 33.98407483100891, "eval_loss": 0.6120016599250266, "inference_time": 0.1257617473602295, "kl_divergence": 0.08432017734869153}}}