{"final_train_loss": 1.6042799949645996, "best_val_loss": 1.380210280418396, "total_train_time": 169.38324236869812, "avg_inference_tokens_per_second": 416.46149877895243}