{"final_train_loss": 1.575283169746399, "best_val_loss": 1.3855721950531006, "total_train_time": 159.8725688457489, "avg_inference_tokens_per_second": 400.10460232145726}