{"final_train_loss": 1.0099174976348877, "best_val_loss": 0.97796630859375, "total_train_time": 1304.0044338703156, "avg_inference_tokens_per_second": 410.2788150259262}