{"final_train_loss": 1.0715532302856445, "best_val_loss": 1.004848837852478, "total_train_time": 1328.4131529331207, "avg_inference_tokens_per_second": 401.29298403139154}