{"final_train_loss": 1.5398070812225342, "best_val_loss": 1.380658745765686, "total_train_time": 159.10210275650024, "avg_inference_tokens_per_second": 398.45544133795613}