{"shakespeare_char": {"means": {"final_train_loss_mean": 1.5731234153111775, "best_val_loss_mean": 1.3821470737457275, "total_train_time_mean": 162.78597132364908, "avg_inference_tokens_per_second_mean": 405.00718081278865}, "stderrs": {"final_train_loss_stderr": 0.008788408004880302, "best_val_loss_stderr": 0.0008096122652047996, "total_train_time_stderr": 1.5585224111092526, "avg_inference_tokens_per_second_stderr": 2.7091201665904183}, "final_info_dict": {"final_train_loss": [1.6042799949645996, 1.5398070812225342, 1.575283169746399], "best_val_loss": [1.380210280418396, 1.380658745765686, 1.3855721950531006], "total_train_time": [169.38324236869812, 159.10210275650024, 159.8725688457489], "avg_inference_tokens_per_second": [416.46149877895243, 398.45544133795613, 400.10460232145726]}}, "enwik8": {"means": {"final_train_loss_mean": 1.0715532302856445, "best_val_loss_mean": 1.004848837852478, "total_train_time_mean": 1328.4131529331207, "avg_inference_tokens_per_second_mean": 401.29298403139154}, "stderrs": {"final_train_loss_stderr": 0.0, "best_val_loss_stderr": 0.0, "total_train_time_stderr": 0.0, "avg_inference_tokens_per_second_stderr": 0.0}, "final_info_dict": {"final_train_loss": [1.0715532302856445], "best_val_loss": [1.004848837852478], "total_train_time": [1328.4131529331207], "avg_inference_tokens_per_second": [401.29298403139154]}}, "text8": {"means": {"final_train_loss_mean": 1.0099174976348877, "best_val_loss_mean": 0.97796630859375, "total_train_time_mean": 1304.0044338703156, "avg_inference_tokens_per_second_mean": 410.2788150259262}, "stderrs": {"final_train_loss_stderr": 0.0, "best_val_loss_stderr": 0.0, "total_train_time_stderr": 0.0, "avg_inference_tokens_per_second_stderr": 0.0}, "final_info_dict": {"final_train_loss": [1.0099174976348877], "best_val_loss": [0.97796630859375], "total_train_time": [1304.0044338703156], "avg_inference_tokens_per_second": [410.2788150259262]}}}