{"circle": {"means": {"training_time": 36.61597228050232, "eval_loss": 0.4316153442463302, "inference_time": 0.127960205078125, "kl_divergence": 0.3506045242336704}}, "dino": {"means": {"training_time": 36.03818130493164, "eval_loss": 0.6671025292647769, "inference_time": 0.12571001052856445, "kl_divergence": 1.1173113564211328}}, "line": {"means": {"training_time": 36.21130609512329, "eval_loss": 0.8008388703131615, "inference_time": 0.12624502182006836, "kl_divergence": 0.16723218989644809}}, "moons": {"means": {"training_time": 36.14766764640808, "eval_loss": 0.6139350854374869, "inference_time": 0.1276705265045166, "kl_divergence": 0.09635574901706938}}}