{"shakespeare_char": {"means": {"final_train_loss_mean": 0.8076171080271403, "best_val_loss_mean": 1.4696222146352131, "total_train_time_mean": 140.0016983350118, "avg_inference_tokens_per_second_mean": 410.62169584535644}, "stderrs": {"final_train_loss_stderr": 0.0020935473485683377, "best_val_loss_stderr": 0.0009183967851108419, "total_train_time_stderr": 0.8393590899537237, "avg_inference_tokens_per_second_stderr": 3.4720436664101597}, "final_info_dict": {"final_train_loss": [0.8155577182769775, 0.8002001047134399, 0.8070935010910034], "best_val_loss": [1.4714484214782715, 1.4657282829284668, 1.4716899394989014], "total_train_time": [143.56144046783447, 138.13669991493225, 138.30695462226868], "avg_inference_tokens_per_second": [421.2477424995929, 396.47357054564117, 414.14377449083514]}}, "enwik8": {"means": {"final_train_loss_mean": 0.9353063106536865, "best_val_loss_mean": 1.0060138702392578, "total_train_time_mean": 1217.419404745102, "avg_inference_tokens_per_second_mean": 387.7402701993289}, "stderrs": {"final_train_loss_stderr": 0.0, "best_val_loss_stderr": 0.0, "total_train_time_stderr": 0.0, "avg_inference_tokens_per_second_stderr": 0.0}, "final_info_dict": {"final_train_loss": [0.9353063106536865], "best_val_loss": [1.0060138702392578], "total_train_time": [1217.419404745102], "avg_inference_tokens_per_second": [387.7402701993289]}}, "text8": {"means": {"final_train_loss_mean": 0.9952999353408813, "best_val_loss_mean": 0.979703962802887, "total_train_time_mean": 1209.791729927063, "avg_inference_tokens_per_second_mean": 406.50419918187356}, "stderrs": {"final_train_loss_stderr": 0.0, "best_val_loss_stderr": 0.0, "total_train_time_stderr": 0.0, "avg_inference_tokens_per_second_stderr": 0.0}, "final_info_dict": {"final_train_loss": [0.9952999353408813], "best_val_loss": [0.979703962802887], "total_train_time": [1209.791729927063], "avg_inference_tokens_per_second": [406.50419918187356]}}}