{"final_train_loss": 0.8070935010910034, "best_val_loss": 1.4716899394989014, "total_train_time": 138.30695462226868, "avg_inference_tokens_per_second": 414.14377449083514}