{"final_train_loss": 0.8155577182769775, "best_val_loss": 1.4714484214782715, "total_train_time": 143.56144046783447, "avg_inference_tokens_per_second": 421.2477424995929}