{"final_train_loss": 0.9353063106536865, "best_val_loss": 1.0060138702392578, "total_train_time": 1217.419404745102, "avg_inference_tokens_per_second": 387.7402701993289}