{"final_train_loss": 0.8002001047134399, "best_val_loss": 1.4657282829284668, "total_train_time": 138.13669991493225, "avg_inference_tokens_per_second": 396.47357054564117}