{"final_train_loss": 0.9952999353408813, "best_val_loss": 0.979703962802887, "total_train_time": 1209.791729927063, "avg_inference_tokens_per_second": 406.50419918187356}