{"final_train_loss": 4.574478626251221, "final_val_loss": 4.574997425079346, "final_train_acc": 0.008984374813735485, "final_val_acc": 0.011474609375, "step_val_acc_99": 7500}