{"final_train_loss": 4.574575901031494, "final_val_loss": 4.574859142303467, "final_train_acc": 0.01230468787252903, "final_val_acc": 0.007568359375, "step_val_acc_99": 7500}