{"x_div_y": {"means": {"final_train_loss_mean": 4.574489911397298, "final_val_loss_mean": 4.574956893920898, "final_train_acc_mean": 0.010416666977107525, "final_val_acc_mean": 0.010416666666666666, "step_val_acc_99_mean": 7500.0}, "stderrs": {"final_train_loss_stderr": 4.768960233546613e-06, "final_val_loss_stderr": 9.669161641184905e-06, "final_train_acc_stderr": 0.0004296656708331679, "final_val_acc_stderr": 0.0004987189754462412, "step_val_acc_99_stderr": 0.0}, "final_info_dict": {"final_train_loss": [4.574510097503662, 4.574481010437012, 4.574478626251221], "final_val_loss": [4.5749311447143555, 4.574942111968994, 4.574997425079346], "final_train_acc": [0.010156250558793545, 0.012109375558793545, 0.008984374813735485], "final_val_acc": [0.00830078125, 0.011474609375, 0.011474609375], "step_val_acc_99": [7500, 7500, 7500]}}, "x_minus_y": {"means": {"final_train_loss_mean": 4.574521541595459, "final_val_loss_mean": 4.574874560038249, "final_train_acc_mean": 0.01230468787252903, "final_val_acc_mean": 0.007405598958333333, "step_val_acc_99_mean": 7500.0}, "stderrs": {"final_train_loss_stderr": 1.3662553432344004e-05, "final_val_loss_stderr": 9.021560146616857e-06, "final_train_acc_stderr": 0.00019166154040477028, "final_val_acc_stderr": 0.00030690398488999456, "step_val_acc_99_stderr": 0.0}, "final_info_dict": {"final_train_loss": [4.574503421783447, 4.574578285217285, 4.5744829177856445], "final_val_loss": [4.574838638305664, 4.574881076812744, 4.574903964996338], "final_train_acc": [0.013085938058793545, 0.01171875, 0.012109375558793545], "final_val_acc": [0.008056640625, 0.006103515625, 0.008056640625], "step_val_acc_99": [7500, 7500, 7500]}}, "x_plus_y": {"means": {"final_train_loss_mean": 4.574548880259196, "final_val_loss_mean": 4.574883143107097, "final_train_acc_mean": 0.012044271143774191, "final_val_acc_mean": 0.008138020833333334, "step_val_acc_99_mean": 7500.0}, "stderrs": {"final_train_loss_stderr": 6.4162816854693505e-06, "final_val_loss_stderr": 7.721919749284137e-06, "final_train_acc_stderr": 0.0003247967255950155, "final_val_acc_stderr": 0.0004522930772714048, "step_val_acc_99_stderr": 0.0}, "final_info_dict": {"final_train_loss": [4.574532508850098, 4.574538230895996, 4.574575901031494], "final_val_loss": [4.574875831604004, 4.574914455413818, 4.574859142303467], "final_train_acc": [0.013085938058793545, 0.0107421875, 0.01230468787252903], "final_val_acc": [0.0068359375, 0.010009765625, 0.007568359375], "step_val_acc_99": [7500, 7500, 7500]}}, "permutation": {"means": {"final_train_loss_mean": 4.787359237670898, "final_val_loss_mean": 4.787626584370931, "final_train_acc_mean": 0.010351562562088171, "final_val_acc_mean": 0.007649739583333333, "step_val_acc_99_mean": 7500.0}, "stderrs": {"final_train_loss_stderr": 1.248912892695312e-05, "final_val_loss_stderr": 1.57248299064162e-05, "final_train_acc_stderr": 0.0003833228699064973, "final_val_acc_stderr": 0.00030690398488999456, "step_val_acc_99_stderr": 0.0}, "final_info_dict": {"final_train_loss": [4.787319183349609, 4.787349224090576, 4.78740930557251], "final_val_loss": [4.787693023681641, 4.787588119506836, 4.787598609924316], "final_train_acc": [0.011914062313735485, 0.009960937313735485, 0.009179688058793545], "final_val_acc": [0.00634765625, 0.00830078125, 0.00830078125], "step_val_acc_99": [7500, 7500, 7500]}}}