{"final_train_loss": 4.787319183349609, "final_val_loss": 4.787693023681641, "final_train_acc": 0.011914062313735485, "final_val_acc": 0.00634765625, "step_val_acc_99": 7500}