{"final_train_loss": 4.574578285217285, "final_val_loss": 4.574881076812744, "final_train_acc": 0.01171875, "final_val_acc": 0.006103515625, "step_val_acc_99": 7500}