{"final_train_loss": 4.574532508850098, "final_val_loss": 4.574875831604004, "final_train_acc": 0.013085938058793545, "final_val_acc": 0.0068359375, "step_val_acc_99": 7500}