{"final_train_loss": 4.574538230895996, "final_val_loss": 4.574914455413818, "final_train_acc": 0.0107421875, "final_val_acc": 0.010009765625, "step_val_acc_99": 7500}