{"final_train_loss": 4.78740930557251, "final_val_loss": 4.787598609924316, "final_train_acc": 0.009179688058793545, "final_val_acc": 0.00830078125, "step_val_acc_99": 7500}