{"final_train_loss": 4.574510097503662, "final_val_loss": 4.5749311447143555, "final_train_acc": 0.010156250558793545, "final_val_acc": 0.00830078125, "step_val_acc_99": 7500}