{"final_train_loss": 4.787349224090576, "final_val_loss": 4.787588119506836, "final_train_acc": 0.009960937313735485, "final_val_acc": 0.00830078125, "step_val_acc_99": 7500}