{"final_train_loss": 4.574481010437012, "final_val_loss": 4.574942111968994, "final_train_acc": 0.012109375558793545, "final_val_acc": 0.011474609375, "step_val_acc_99": 7500}