{"final_train_loss": 4.5744829177856445, "final_val_loss": 4.574903964996338, "final_train_acc": 0.012109375558793545, "final_val_acc": 0.008056640625, "step_val_acc_99": 7500}