{"final_train_loss": 4.574503421783447, "final_val_loss": 4.574838638305664, "final_train_acc": 0.013085938058793545, "final_val_acc": 0.008056640625, "step_val_acc_99": 7500}