{"final_train_loss": 1.5840668678283691, "best_val_loss": 1.3875771760940552, "total_train_time": 195.08824706077576, "avg_inference_tokens_per_second": 402.48397980663503}