{"final_train_loss": 1.5436789989471436, "best_val_loss": 1.3880268335342407, "total_train_time": 188.53690719604492, "avg_inference_tokens_per_second": 393.4964214853237}