{"final_train_loss": 1.0161798000335693, "best_val_loss": 0.9778851270675659, "total_train_time": 1452.04509973526, "avg_inference_tokens_per_second": 408.6167448393824}