{"shakespeare_char": {"means": {"final_train_loss_mean": 1.5738591353098552, "best_val_loss_mean": 1.3864819606145222, "total_train_time_mean": 190.7342542807261, "avg_inference_tokens_per_second_mean": 390.17272097545145}, "stderrs": {"final_train_loss_stderr": 0.007236572109922991, "best_val_loss_stderr": 0.0006252761179863177, "total_train_time_stderr": 1.0262608865237997, "avg_inference_tokens_per_second_stderr": 3.8828494342485134}, "final_info_dict": {"final_train_loss": [1.5840668678283691, 1.5436789989471436, 1.5938315391540527], "best_val_loss": [1.3875771760940552, 1.3880268335342407, 1.383841872215271], "total_train_time": [195.08824706077576, 188.53690719604492, 188.57760858535767], "avg_inference_tokens_per_second": [402.48397980663503, 393.4964214853237, 374.5377616343957]}}, "enwik8": {"means": {"final_train_loss_mean": 1.0791025161743164, "best_val_loss_mean": 1.0052109956741333, "total_train_time_mean": 1459.6800215244293, "avg_inference_tokens_per_second_mean": 374.0761609264558}, "stderrs": {"final_train_loss_stderr": 0.0, "best_val_loss_stderr": 0.0, "total_train_time_stderr": 0.0, "avg_inference_tokens_per_second_stderr": 0.0}, "final_info_dict": {"final_train_loss": [1.0791025161743164], "best_val_loss": [1.0052109956741333], "total_train_time": [1459.6800215244293], "avg_inference_tokens_per_second": [374.0761609264558]}}, "text8": {"means": {"final_train_loss_mean": 1.0161798000335693, "best_val_loss_mean": 0.9778851270675659, "total_train_time_mean": 1452.04509973526, "avg_inference_tokens_per_second_mean": 408.6167448393824}, "stderrs": {"final_train_loss_stderr": 0.0, "best_val_loss_stderr": 0.0, "total_train_time_stderr": 0.0, "avg_inference_tokens_per_second_stderr": 0.0}, "final_info_dict": {"final_train_loss": [1.0161798000335693], "best_val_loss": [0.9778851270675659], "total_train_time": [1452.04509973526], "avg_inference_tokens_per_second": [408.6167448393824]}}}