{"final_train_loss": 1.5938315391540527, "best_val_loss": 1.383841872215271, "total_train_time": 188.57760858535767, "avg_inference_tokens_per_second": 374.5377616343957}