{"final_train_loss": 1.0791025161743164, "best_val_loss": 1.0052109956741333, "total_train_time": 1459.6800215244293, "avg_inference_tokens_per_second": 374.0761609264558}