{"final_train_loss": 0.8065547943115234, "best_val_loss": 1.4627470970153809, "total_train_time": 138.1343536376953, "avg_inference_tokens_per_second": 422.3774457705028}