{"final_train_loss": 0.8155892491340637, "best_val_loss": 1.4665979146957397, "total_train_time": 143.99041724205017, "avg_inference_tokens_per_second": 431.244642755605}