{"final_train_loss": 0.9357024431228638, "best_val_loss": 1.0058809518814087, "total_train_time": 1216.404902935028, "avg_inference_tokens_per_second": 416.3867312067772}