{"final_train_loss": 0.810714602470398, "best_val_loss": 1.4523261785507202, "total_train_time": 138.94584321975708, "avg_inference_tokens_per_second": 411.99286055848626}