{"shakespeare_char": {"means": {"final_train_loss_mean": 0.810952881971995, "best_val_loss_mean": 1.4605570634206135, "total_train_time_mean": 140.35687136650085, "avg_inference_tokens_per_second_mean": 421.87164969486463}, "stderrs": {"final_train_loss_stderr": 0.001230715730507203, "best_val_loss_stderr": 0.0020095659842441584, "total_train_time_stderr": 0.8635250991543985, "avg_inference_tokens_per_second_stderr": 2.6225468494056723}, "final_info_dict": {"final_train_loss": [0.8155892491340637, 0.8065547943115234, 0.810714602470398], "best_val_loss": [1.4665979146957397, 1.4627470970153809, 1.4523261785507202], "total_train_time": [143.99041724205017, 138.1343536376953, 138.94584321975708], "avg_inference_tokens_per_second": [431.244642755605, 422.3774457705028, 411.99286055848626]}}, "enwik8": {"means": {"final_train_loss_mean": 0.9357024431228638, "best_val_loss_mean": 1.0058809518814087, "total_train_time_mean": 1216.404902935028, "avg_inference_tokens_per_second_mean": 416.3867312067772}, "stderrs": {"final_train_loss_stderr": 0.0, "best_val_loss_stderr": 0.0, "total_train_time_stderr": 0.0, "avg_inference_tokens_per_second_stderr": 0.0}, "final_info_dict": {"final_train_loss": [0.9357024431228638], "best_val_loss": [1.0058809518814087], "total_train_time": [1216.404902935028], "avg_inference_tokens_per_second": [416.3867312067772]}}, "text8": {"means": {"final_train_loss_mean": 1.0051944255828857, "best_val_loss_mean": 0.9791561961174011, "total_train_time_mean": 1211.4645147323608, "avg_inference_tokens_per_second_mean": 403.7598684375503}, "stderrs": {"final_train_loss_stderr": 0.0, "best_val_loss_stderr": 0.0, "total_train_time_stderr": 0.0, "avg_inference_tokens_per_second_stderr": 0.0}, "final_info_dict": {"final_train_loss": [1.0051944255828857], "best_val_loss": [0.9791561961174011], "total_train_time": [1211.4645147323608], "avg_inference_tokens_per_second": [403.7598684375503]}}}