{"final_train_loss": 1.0051944255828857, "best_val_loss": 0.9791561961174011, "total_train_time": 1211.4645147323608, "avg_inference_tokens_per_second": 403.7598684375503}