{"final_train_loss": 4.787359237670898, "final_val_loss": 4.787649631500244, "final_train_acc": 0.009765625, "final_val_acc": 0.0087890625, "step_val_acc_99": 7500}