{"final_train_loss": 4.574437618255615, "final_val_loss": 4.574981689453125, "final_train_acc": 0.014453125186264515, "final_val_acc": 0.006103515625, "step_val_acc_99": 7500}