{"final_train_loss": 4.787376880645752, "final_val_loss": 4.787619113922119, "final_train_acc": 0.009570312686264515, "final_val_acc": 0.0068359375, "step_val_acc_99": 7500}