{"final_train_loss": 4.574544906616211, "final_val_loss": 4.57480001449585, "final_train_acc": 0.012500000186264515, "final_val_acc": 0.00830078125, "step_val_acc_99": 7500}