{"final_train_loss": 4.574545860290527, "final_val_loss": 4.574862003326416, "final_train_acc": 0.009960937313735485, "final_val_acc": 0.010986328125, "step_val_acc_99": 7500}