{"final_train_loss": 4.574509620666504, "final_val_loss": 4.574899673461914, "final_train_acc": 0.013085938058793545, "final_val_acc": 0.0068359375, "step_val_acc_99": 7500}