{"final_train_loss": 4.574442386627197, "final_val_loss": 4.574928283691406, "final_train_acc": 0.013867187313735485, "final_val_acc": 0.0068359375, "step_val_acc_99": 7500}