{"final_train_loss": 4.787372589111328, "final_val_loss": 4.787614345550537, "final_train_acc": 0.0087890625, "final_val_acc": 0.005859375, "step_val_acc_99": 7500}