{"final_train_loss": 4.574582576751709, "final_val_loss": 4.574892520904541, "final_train_acc": 0.014843749813735485, "final_val_acc": 0.00732421875, "step_val_acc_99": 7500}