{"final_train_loss": 4.574512004852295, "final_val_loss": 4.574943542480469, "final_train_acc": 0.01132812537252903, "final_val_acc": 0.009033203125, "step_val_acc_99": 7500}