{"x_div_y": {"means": {"final_train_loss_mean": 4.57451597849528, "final_val_loss_mean": 4.574901103973389, "final_train_acc_mean": 0.01256510429084301, "final_val_acc_mean": 0.009440104166666666, "step_val_acc_99_mean": 7500.0}, "stderrs": {"final_train_loss_stderr": 7.392067792513172e-06, "final_val_loss_stderr": 2.3928942407552564e-05, "final_train_acc_stderr": 0.00034586314930592815, "final_val_acc_stderr": 0.00037783171324826716, "step_val_acc_99_stderr": 0.0}, "final_info_dict": {"final_train_loss": [4.574512004852295, 4.574491024017334, 4.574544906616211], "final_val_loss": [4.574943542480469, 4.574959754943848, 4.57480001449585], "final_train_acc": [0.01132812537252903, 0.013867187313735485, 0.012500000186264515], "final_val_acc": [0.009033203125, 0.010986328125, 0.00830078125], "step_val_acc_99": [7500, 7500, 7500]}}, "x_minus_y": {"means": {"final_train_loss_mean": 4.574499289194743, "final_val_loss_mean": 4.574896653493245, "final_train_acc_mean": 0.012304687562088171, "final_val_acc_mean": 0.008219401041666666, "step_val_acc_99_mean": 7500.0}, "stderrs": {"final_train_loss_stderr": 1.4289997103125157e-05, "final_val_loss_stderr": 9.047659217962915e-06, "final_train_acc_stderr": 0.0005625643350584558, "final_val_acc_stderr": 0.0006521709678912385, "step_val_acc_99_stderr": 0.0}, "final_info_dict": {"final_train_loss": [4.574509620666504, 4.574545860290527, 4.574442386627197], "final_val_loss": [4.574899673461914, 4.574862003326416, 4.574928283691406], "final_train_acc": [0.013085938058793545, 0.009960937313735485, 0.013867187313735485], "final_val_acc": [0.0068359375, 0.010986328125, 0.0068359375], "step_val_acc_99": [7500, 7500, 7500]}}, "x_plus_y": {"means": {"final_train_loss_mean": 4.574522813161214, "final_val_loss_mean": 4.574917634328206, "final_train_acc_mean": 0.014322916666666666, "final_val_acc_mean": 0.007893880208333334, "step_val_acc_99_mean": 7500.0}, "stderrs": {"final_train_loss_stderr": 2.061697473655753e-05, "final_val_loss_stderr": 1.5214757910019906e-05, "final_train_acc_stderr": 0.0001623983074849753, "final_val_acc_stderr": 0.000580537504314038, "step_val_acc_99_stderr": 0.0}, "final_info_dict": {"final_train_loss": [4.574548244476318, 4.574582576751709, 4.574437618255615], "final_val_loss": [4.574878692626953, 4.574892520904541, 4.574981689453125], "final_train_acc": [0.013671875, 0.014843749813735485, 0.014453125186264515], "final_val_acc": [0.01025390625, 0.00732421875, 0.006103515625], "step_val_acc_99": [7500, 7500, 7500]}}, "permutation": {"means": {"final_train_loss_mean": 4.787369569142659, "final_val_loss_mean": 4.787627696990967, "final_train_acc_mean": 0.009375000062088171, "final_val_acc_mean": 0.007161458333333333, "step_val_acc_99_mean": 7500.0}, "stderrs": {"final_train_loss_stderr": 2.504200892574834e-06, "final_val_loss_stderr": 5.210575889224687e-06, "final_train_acc_stderr": 0.00014064108376461395, "final_val_acc_stderr": 0.0004059958101968252, "step_val_acc_99_stderr": 0.0}, "final_info_dict": {"final_train_loss": [4.787372589111328, 4.787359237670898, 4.787376880645752], "final_val_loss": [4.787614345550537, 4.787649631500244, 4.787619113922119], "final_train_acc": [0.0087890625, 0.009765625, 0.009570312686264515], "final_val_acc": [0.005859375, 0.0087890625, 0.0068359375], "step_val_acc_99": [7500, 7500, 7500]}}}