{"final_train_loss": 4.574491024017334, "final_val_loss": 4.574959754943848, "final_train_acc": 0.013867187313735485, "final_val_acc": 0.010986328125, "step_val_acc_99": 7500}