{"final_train_loss": 4.574548244476318, "final_val_loss": 4.574878692626953, "final_train_acc": 0.013671875, "final_val_acc": 0.01025390625, "step_val_acc_99": 7500}