{"final_train_loss": 0.8198658227920532, "best_val_loss": 1.4635913372039795, "total_train_time": 143.90469932556152, "avg_inference_tokens_per_second": 417.97089137336195}