{"shakespeare_char": {"means": {"final_train_loss_mean": 0.8132542371749878, "best_val_loss_mean": 1.4639673233032227, "total_train_time_mean": 139.9539450009664, "avg_inference_tokens_per_second_mean": 417.1205431741716}, "stderrs": {"final_train_loss_stderr": 0.002174671942877041, "best_val_loss_stderr": 0.00028849529447598493, "total_train_time_stderr": 0.9312876790274901, "avg_inference_tokens_per_second_stderr": 0.9617842665490978}, "final_info_dict": {"final_train_loss": [0.8198658227920532, 0.8043753504753113, 0.8155215382575989], "best_val_loss": [1.4635913372039795, 1.465164065361023, 1.4631465673446655], "total_train_time": [143.90469932556152, 138.02505660057068, 137.93207907676697], "avg_inference_tokens_per_second": [417.97089137336195, 420.15160577404424, 413.2391323751084]}}, "enwik8": {"means": {"final_train_loss_mean": 0.9397792816162109, "best_val_loss_mean": 1.0064865350723267, "total_train_time_mean": 1220.3624866008759, "avg_inference_tokens_per_second_mean": 393.28782473552735}, "stderrs": {"final_train_loss_stderr": 0.0, "best_val_loss_stderr": 0.0, "total_train_time_stderr": 0.0, "avg_inference_tokens_per_second_stderr": 0.0}, "final_info_dict": {"final_train_loss": [0.9397792816162109], "best_val_loss": [1.0064865350723267], "total_train_time": [1220.3624866008759], "avg_inference_tokens_per_second": [393.28782473552735]}}, "text8": {"means": {"final_train_loss_mean": 1.0007638931274414, "best_val_loss_mean": 0.9804813265800476, "total_train_time_mean": 1196.911463022232, "avg_inference_tokens_per_second_mean": 395.30513316998116}, "stderrs": {"final_train_loss_stderr": 0.0, "best_val_loss_stderr": 0.0, "total_train_time_stderr": 0.0, "avg_inference_tokens_per_second_stderr": 0.0}, "final_info_dict": {"final_train_loss": [1.0007638931274414], "best_val_loss": [0.9804813265800476], "total_train_time": [1196.911463022232], "avg_inference_tokens_per_second": [395.30513316998116]}}}