{"final_train_loss": 0.9397792816162109, "best_val_loss": 1.0064865350723267, "total_train_time": 1220.3624866008759, "avg_inference_tokens_per_second": 393.28782473552735}