{"final_train_loss": 1.0007638931274414, "best_val_loss": 0.9804813265800476, "total_train_time": 1196.911463022232, "avg_inference_tokens_per_second": 395.30513316998116}