{"final_train_loss": 0.8155215382575989, "best_val_loss": 1.4631465673446655, "total_train_time": 137.93207907676697, "avg_inference_tokens_per_second": 413.2391323751084}