{"final_train_loss": 0.8043753504753113, "best_val_loss": 1.465164065361023, "total_train_time": 138.02505660057068, "avg_inference_tokens_per_second": 420.15160577404424}