{"final_train_loss": 4.574395179748535, "final_val_loss": 4.575019359588623, "final_train_acc": 0.015039063058793545, "final_val_acc": 0.005615234375, "step_val_acc_99": 7500}