{"final_train_loss": 4.574456214904785, "final_val_loss": 4.5749125480651855, "final_train_acc": 0.013085938058793545, "final_val_acc": 0.00830078125, "step_val_acc_99": 7500}