{"final_train_loss": 4.574509143829346, "final_val_loss": 4.57498836517334, "final_train_acc": 0.01328125037252903, "final_val_acc": 0.008544921875, "step_val_acc_99": 7500}