{"final_train_loss": 4.574510097503662, "final_val_loss": 4.574820518493652, "final_train_acc": 0.0087890625, "final_val_acc": 0.010009765625, "step_val_acc_99": 7500}