{"final_train_loss": 4.787380218505859, "final_val_loss": 4.787593364715576, "final_train_acc": 0.0107421875, "final_val_acc": 0.008056640625, "step_val_acc_99": 7500}