{"final_train_loss": 4.787318706512451, "final_val_loss": 4.787631034851074, "final_train_acc": 0.010156250558793545, "final_val_acc": 0.0078125, "step_val_acc_99": 7500}