{"final_train_loss": 4.574467658996582, "final_val_loss": 4.575037479400635, "final_train_acc": 0.01582031324505806, "final_val_acc": 0.006103515625, "step_val_acc_99": 7500}