{"final_train_loss": 4.574466705322266, "final_val_loss": 4.574970722198486, "final_train_acc": 0.012109375558793545, "final_val_acc": 0.010986328125, "step_val_acc_99": 7500}