{"x_div_y": {"means": {"final_train_loss_mean": 4.57448148727417, "final_val_loss_mean": 4.574942906697591, "final_train_acc_mean": 0.012239583767950535, "final_val_acc_mean": 0.009033203125, "step_val_acc_99_mean": 7500.0}, "stderrs": {"final_train_loss_stderr": 6.744744441646673e-06, "final_val_loss_stderr": 3.024380604746624e-05, "final_train_acc_stderr": 0.0009573241021401417, "final_val_acc_stderr": 0.0007032053709209919, "step_val_acc_99_stderr": 0.0}, "final_info_dict": {"final_train_loss": [4.574467658996582, 4.574510097503662, 4.574466705322266], "final_val_loss": [4.575037479400635, 4.574820518493652, 4.574970722198486], "final_train_acc": [0.01582031324505806, 0.0087890625, 0.012109375558793545], "final_val_acc": [0.006103515625, 0.010009765625, 0.010986328125], "step_val_acc_99": [7500, 7500, 7500]}}, "x_minus_y": {"means": {"final_train_loss_mean": 4.574449857076009, "final_val_loss_mean": 4.575021425882976, "final_train_acc_mean": 0.013997396143774191, "final_val_acc_mean": 0.006673177083333333, "step_val_acc_99_mean": 7500.0}, "stderrs": {"final_train_loss_stderr": 1.554655620752528e-05, "final_val_loss_stderr": 9.291944944700481e-06, "final_train_acc_stderr": 0.00025121178482635234, "final_val_acc_stderr": 0.0004424236770372203, "step_val_acc_99_stderr": 0.0}, "final_info_dict": {"final_train_loss": [4.5744452476501465, 4.574395179748535, 4.574509143829346], "final_val_loss": [4.575056552886963, 4.575019359588623, 4.57498836517334], "final_train_acc": [0.013671875, 0.015039063058793545, 0.01328125037252903], "final_val_acc": [0.005859375, 0.005615234375, 0.008544921875], "step_val_acc_99": [7500, 7500, 7500]}}, "x_plus_y": {"means": {"final_train_loss_mean": 4.57448689142863, "final_val_loss_mean": 4.574948628743489, "final_train_acc_mean": 0.011002604539195696, "final_val_acc_mean": 0.008544921875, "step_val_acc_99_mean": 7500.0}, "stderrs": {"final_train_loss_stderr": 7.265672154495422e-06, "final_val_loss_stderr": 1.0657926483119414e-05, "final_train_acc_stderr": 0.0006855715495151429, "final_val_acc_stderr": 0.0003044968576476189, "step_val_acc_99_stderr": 0.0}, "final_info_dict": {"final_train_loss": [4.574504852294922, 4.574456214904785, 4.574499607086182], "final_val_loss": [4.5749430656433105, 4.5749125480651855, 4.574990272521973], "final_train_acc": [0.008203125558793545, 0.013085938058793545, 0.01171875], "final_val_acc": [0.009765625, 0.00830078125, 0.007568359375], "step_val_acc_99": [7500, 7500, 7500]}}, "permutation": {"means": {"final_train_loss_mean": 4.787354946136475, "final_val_loss_mean": 4.7876152992248535, "final_train_acc_mean": 0.010221354352931181, "final_val_acc_mean": 0.008382161458333334, "step_val_acc_99_mean": 7500.0}, "stderrs": {"final_train_loss_stderr": 8.760778922729918e-06, "final_val_loss_stderr": 5.330411633557522e-06, "final_train_acc_stderr": 0.00013377633547853902, "final_val_acc_stderr": 0.00021359613373512942, "step_val_acc_99_stderr": 0.0}, "final_info_dict": {"final_train_loss": [4.787380218505859, 4.787365913391113, 4.787318706512451], "final_val_loss": [4.787593364715576, 4.78762149810791, 4.787631034851074], "final_train_acc": [0.0107421875, 0.009765625, 0.010156250558793545], "final_val_acc": [0.008056640625, 0.00927734375, 0.0078125], "step_val_acc_99": [7500, 7500, 7500]}}}