{"final_train_loss": 4.5744452476501465, "final_val_loss": 4.575056552886963, "final_train_acc": 0.013671875, "final_val_acc": 0.005859375, "step_val_acc_99": 7500}