{"final_train_loss": 4.574504852294922, "final_val_loss": 4.5749430656433105, "final_train_acc": 0.008203125558793545, "final_val_acc": 0.009765625, "step_val_acc_99": 7500}