{"final_train_loss": 4.574499607086182, "final_val_loss": 4.574990272521973, "final_train_acc": 0.01171875, "final_val_acc": 0.007568359375, "step_val_acc_99": 7500}