{"final_train_loss": 4.787365913391113, "final_val_loss": 4.78762149810791, "final_train_acc": 0.009765625, "final_val_acc": 0.00927734375, "step_val_acc_99": 7500}