{"final_train_loss": 0.8152229189872742, "best_val_loss": 1.4633036851882935, "total_train_time": 144.0334005355835, "avg_inference_tokens_per_second": 406.15524949073114}