{"final_train_loss": 0.8068878650665283, "best_val_loss": 1.4636459350585938, "total_train_time": 137.78232955932617, "avg_inference_tokens_per_second": 420.2281257817596}