{"shakespeare_char": {"means": {"final_train_loss_mean": 0.8046924670537313, "best_val_loss_mean": 1.4644852081934612, "total_train_time_mean": 139.89933212598166, "avg_inference_tokens_per_second_mean": 417.15633707330466}, "stderrs": {"final_train_loss_stderr": 0.0032068066914219396, "best_val_loss_stderr": 0.0004785778719184881, "total_train_time_stderr": 0.9745041682687354, "avg_inference_tokens_per_second_stderr": 2.675911713817552}, "final_info_dict": {"final_train_loss": [0.8152229189872742, 0.7919666171073914, 0.8068878650665283], "best_val_loss": [1.4633036851882935, 1.466506004333496, 1.4636459350585938], "total_train_time": [144.0334005355835, 137.88226628303528, 137.78232955932617], "avg_inference_tokens_per_second": [406.15524949073114, 425.08563594742316, 420.2281257817596]}}, "enwik8": {"means": {"final_train_loss_mean": 0.9446823000907898, "best_val_loss_mean": 1.0056796073913574, "total_train_time_mean": 1209.537395477295, "avg_inference_tokens_per_second_mean": 389.1643372954298}, "stderrs": {"final_train_loss_stderr": 0.0, "best_val_loss_stderr": 0.0, "total_train_time_stderr": 0.0, "avg_inference_tokens_per_second_stderr": 0.0}, "final_info_dict": {"final_train_loss": [0.9446823000907898], "best_val_loss": [1.0056796073913574], "total_train_time": [1209.537395477295], "avg_inference_tokens_per_second": [389.1643372954298]}}, "text8": {"means": {"final_train_loss_mean": 0.9994363188743591, "best_val_loss_mean": 0.9805720448493958, "total_train_time_mean": 1193.4014298915863, "avg_inference_tokens_per_second_mean": 392.2751247232767}, "stderrs": {"final_train_loss_stderr": 0.0, "best_val_loss_stderr": 0.0, "total_train_time_stderr": 0.0, "avg_inference_tokens_per_second_stderr": 0.0}, "final_info_dict": {"final_train_loss": [0.9994363188743591], "best_val_loss": [0.9805720448493958], "total_train_time": [1193.4014298915863], "avg_inference_tokens_per_second": [392.2751247232767]}}}