{"final_train_loss": 0.7919666171073914, "best_val_loss": 1.466506004333496, "total_train_time": 137.88226628303528, "avg_inference_tokens_per_second": 425.08563594742316}