{"final_train_loss": 0.9994363188743591, "best_val_loss": 0.9805720448493958, "total_train_time": 1193.4014298915863, "avg_inference_tokens_per_second": 392.2751247232767}