{"final_train_loss": 0.9446823000907898, "best_val_loss": 1.0056796073913574, "total_train_time": 1209.537395477295, "avg_inference_tokens_per_second": 389.1643372954298}