{"circle": {"means": {"training_time": 37.22172808647156, "eval_loss": 50.32300832021572, "inference_time": 0.29590868949890137, "kl_divergence": 26.544415480361124}}, "dino": {"means": {"training_time": 36.10557794570923, "eval_loss": 60.984064126563496, "inference_time": 0.28620433807373047, "kl_divergence": 26.756153542366512}}, "line": {"means": {"training_time": 36.25079798698425, "eval_loss": 37.56216907745127, "inference_time": 0.2841067314147949, "kl_divergence": 18.796327548269076}}, "moons": {"means": {"training_time": 36.566789627075195, "eval_loss": 41.497232939581124, "inference_time": 0.29305481910705566, "kl_divergence": 21.382993624057328}}}