{"circle": {"means": {"training_time": 37.49563002586365, "eval_loss": 62.023283390132974, "inference_time": 0.29258227348327637, "kl_divergence": 28.279802568744525}}, "dino": {"means": {"training_time": 36.65202188491821, "eval_loss": 38.01895270384181, "inference_time": 0.2920870780944824, "kl_divergence": 25.970127531994862}}, "line": {"means": {"training_time": 36.787248373031616, "eval_loss": 41.23311321326839, "inference_time": 0.286318302154541, "kl_divergence": 18.30003983722621}}, "moons": {"means": {"training_time": 36.57493019104004, "eval_loss": 43.09794588406068, "inference_time": 0.2940201759338379, "kl_divergence": 20.894617941184702}}}