{"final_train_loss": 0.0037937385495752096, "final_val_loss": 0.004347110632807016, "final_train_acc": 1.0, "final_val_acc": 1.0, "step_val_acc_99": 4000}