{"final_train_loss": 0.003788520349189639, "final_val_loss": 0.004089603200554848, "final_train_acc": 1.0, "final_val_acc": 1.0, "step_val_acc_99": 3850}