{"x_div_y": {"means": {"final_train_loss_mean": 0.2612820917274803, "final_val_loss_mean": 0.7058023051358759, "final_train_acc_mean": 0.937890628973643, "final_val_acc_mean": 0.83154296875, "step_val_acc_99_mean": 4333.333333333333}, "stderrs": {"final_train_loss_stderr": 0.12099393118432628, "final_val_loss_stderr": 0.3302138388163048, "final_train_acc_stderr": 0.029278638285312217, "final_val_acc_stderr": 0.0794114060902861, "step_val_acc_99_stderr": 92.58962958222071}, "final_info_dict": {"final_train_loss": [0.0054375468753278255, 0.0037937385495752096, 0.7746149897575378], "final_val_loss": [0.006279275752604008, 0.004347110632807016, 2.106780529022217], "final_train_acc": [1.0, 1.0, 0.813671886920929], "final_val_acc": [1.0, 1.0, 0.49462890625], "step_val_acc_99": [4320, 4000, 4680]}}, "x_minus_y": {"means": {"final_train_loss_mean": 0.004701326290766398, "final_val_loss_mean": 0.005919956990207235, "final_train_acc_mean": 1.0, "final_val_acc_mean": 1.0, "step_val_acc_99_mean": 4363.333333333333}, "stderrs": {"final_train_loss_stderr": 0.0005873459994183296, "final_val_loss_stderr": 0.0009742102093579654, "final_train_acc_stderr": 0.0, "final_val_acc_stderr": 0.0, "step_val_acc_99_stderr": 121.26901021904223}, "final_info_dict": {"final_train_loss": [0.007165777031332254, 0.003149681491777301, 0.003788520349189639], "final_val_loss": [0.01004449650645256, 0.003625771263614297, 0.004089603200554848], "final_train_acc": [1.0, 1.0, 1.0], "final_val_acc": [1.0, 1.0, 1.0], "step_val_acc_99": [4590, 4650, 3850]}}, "x_plus_y": {"means": {"final_train_loss_mean": 0.8192284119625887, "final_val_loss_mean": 0.26324765865380567, "final_train_acc_mean": 0.844921886920929, "final_val_acc_mean": 0.9718424479166666, "step_val_acc_99_mean": 2410.0}, "stderrs": {"final_train_loss_stderr": 0.3832400994319452, "final_val_loss_stderr": 0.12098416992507184, "final_train_acc_stderr": 0.07310452358121691, "final_val_acc_stderr": 0.013273597346492265, "step_val_acc_99_stderr": 195.5808064505611}, "final_info_dict": {"final_train_loss": [0.004775849636644125, 2.4451775550842285, 0.007731831166893244], "final_val_loss": [0.00506334425881505, 0.7765369415283203, 0.008142690174281597], "final_train_acc": [1.0, 0.5347656607627869, 1.0], "final_val_acc": [1.0, 0.91552734375, 1.0], "step_val_acc_99": [2930, 2710, 1590]}}, "permutation": {"means": {"final_train_loss_mean": 0.01746522883574168, "final_val_loss_mean": 6.502586682637532, "final_train_acc_mean": 0.9996093908945719, "final_val_acc_mean": 0.061686197916666664, "step_val_acc_99_mean": 7500.0}, "stderrs": {"final_train_loss_stderr": 0.0026378480396590277, "final_val_loss_stderr": 0.6809338541255734, "final_train_acc_stderr": 9.206744908046408e-05, "final_val_acc_stderr": 0.024048398527975082, "step_val_acc_99_stderr": 0.0}, "final_info_dict": {"final_train_loss": [0.028523331508040428, 0.010444519110023975, 0.013427835889160633], "final_val_loss": [7.25368070602417, 3.711164951324463, 8.542914390563965], "final_train_acc": [0.9994140863418579, 1.0, 0.9994140863418579], "final_val_acc": [0.015380859375, 0.16357421875, 0.006103515625], "step_val_acc_99": [7500, 7500, 7500]}}}