{"final_train_loss": 0.007165777031332254, "final_val_loss": 0.01004449650645256, "final_train_acc": 1.0, "final_val_acc": 1.0, "step_val_acc_99": 4590}