{"final_train_loss": 0.0054375468753278255, "final_val_loss": 0.006279275752604008, "final_train_acc": 1.0, "final_val_acc": 1.0, "step_val_acc_99": 4320}