{"final_train_loss": 0.028523331508040428, "final_val_loss": 7.25368070602417, "final_train_acc": 0.9994140863418579, "final_val_acc": 0.015380859375, "step_val_acc_99": 7500}