{"final_train_loss": 0.004775849636644125, "final_val_loss": 0.00506334425881505, "final_train_acc": 1.0, "final_val_acc": 1.0, "step_val_acc_99": 2930}