{"final_train_loss": 0.013427835889160633, "final_val_loss": 8.542914390563965, "final_train_acc": 0.9994140863418579, "final_val_acc": 0.006103515625, "step_val_acc_99": 7500}