{"final_train_loss": 0.7746149897575378, "final_val_loss": 2.106780529022217, "final_train_acc": 0.813671886920929, "final_val_acc": 0.49462890625, "step_val_acc_99": 4680}