{"final_train_loss": 0.010444519110023975, "final_val_loss": 3.711164951324463, "final_train_acc": 1.0, "final_val_acc": 0.16357421875, "step_val_acc_99": 7500}