{"final_train_loss": 2.4451775550842285, "final_val_loss": 0.7765369415283203, "final_train_acc": 0.5347656607627869, "final_val_acc": 0.91552734375, "step_val_acc_99": 2710}