{"final_train_loss": 0.003149681491777301, "final_val_loss": 0.003625771263614297, "final_train_acc": 1.0, "final_val_acc": 1.0, "step_val_acc_99": 4650}