{"final_train_loss": 0.007731831166893244, "final_val_loss": 0.008142690174281597, "final_train_acc": 1.0, "final_val_acc": 1.0, "step_val_acc_99": 1590}