{"shakespeare_char": {"means": {"final_train_loss_mean": 0.8078915874163309, "best_val_loss_mean": 1.4640835523605347, "total_train_time_mean": 139.81372078259787, "avg_inference_tokens_per_second_mean": 420.510012792588}, "stderrs": {"final_train_loss_stderr": 0.00074484206218167, "best_val_loss_stderr": 0.0011549571609648745, "total_train_time_stderr": 0.8672491139132138, "avg_inference_tokens_per_second_stderr": 1.9780470914569335}, "final_info_dict": {"final_train_loss": [0.8108304738998413, 0.8054162263870239, 0.8074280619621277], "best_val_loss": [1.4667816162109375, 1.4662768840789795, 1.459192156791687], "total_train_time": [143.4911072254181, 137.8689353466034, 138.0811197757721], "avg_inference_tokens_per_second": [425.29635267961874, 424.08670564989563, 412.1469800482496]}}, "enwik8": {"means": {"final_train_loss_mean": 0.938681960105896, "best_val_loss_mean": 1.0058165788650513, "total_train_time_mean": 1209.7235398292542, "avg_inference_tokens_per_second_mean": 411.9241928514692}, "stderrs": {"final_train_loss_stderr": 0.0, "best_val_loss_stderr": 0.0, "total_train_time_stderr": 0.0, "avg_inference_tokens_per_second_stderr": 0.0}, "final_info_dict": {"final_train_loss": [0.938681960105896], "best_val_loss": [1.0058165788650513], "total_train_time": [1209.7235398292542], "avg_inference_tokens_per_second": [411.9241928514692]}}, "text8": {"means": {"final_train_loss_mean": 0.9967144727706909, "best_val_loss_mean": 0.9796050190925598, "total_train_time_mean": 1187.0464491844177, "avg_inference_tokens_per_second_mean": 422.26827686245696}, "stderrs": {"final_train_loss_stderr": 0.0, "best_val_loss_stderr": 0.0, "total_train_time_stderr": 0.0, "avg_inference_tokens_per_second_stderr": 0.0}, "final_info_dict": {"final_train_loss": [0.9967144727706909], "best_val_loss": [0.9796050190925598], "total_train_time": [1187.0464491844177], "avg_inference_tokens_per_second": [422.26827686245696]}}}