{"final_train_loss": 0.9967144727706909, "best_val_loss": 0.9796050190925598, "total_train_time": 1187.0464491844177, "avg_inference_tokens_per_second": 422.26827686245696}