{"final_train_loss": 0.8108304738998413, "best_val_loss": 1.4667816162109375, "total_train_time": 143.4911072254181, "avg_inference_tokens_per_second": 425.29635267961874}