{"final_train_loss": 0.8074280619621277, "best_val_loss": 1.459192156791687, "total_train_time": 138.0811197757721, "avg_inference_tokens_per_second": 412.1469800482496}