{"final_train_loss": 0.8054162263870239, "best_val_loss": 1.4662768840789795, "total_train_time": 137.8689353466034, "avg_inference_tokens_per_second": 424.08670564989563}