{"final_train_loss": 0.938681960105896, "best_val_loss": 1.0058165788650513, "total_train_time": 1209.7235398292542, "avg_inference_tokens_per_second": 411.9241928514692}