{"circle": {"means": {"training_time": 34.17870044708252, "eval_loss": 0.43525103938853954, "inference_time": 0.12008213996887207, "kl_divergence": 0.3389495344946721}}, "dino": {"means": {"training_time": 33.63431358337402, "eval_loss": 0.6616260491673599, "inference_time": 0.12255191802978516, "kl_divergence": 1.0424222911130459}}, "line": {"means": {"training_time": 33.44674801826477, "eval_loss": 0.8031019351976302, "inference_time": 0.11939525604248047, "kl_divergence": 0.15379776690960525}}, "moons": {"means": {"training_time": 33.61119055747986, "eval_loss": 0.6135321608589738, "inference_time": 0.12108755111694336, "kl_divergence": 0.10051708186608005}}}