{"final_train_loss": 0.004070335067808628, "final_val_loss": 0.004359154962003231, "final_train_acc": 1.0, "final_val_acc": 1.0, "step_val_acc_99": 2600}