{"final_train_loss": 0.035029780119657516, "final_val_loss": 0.02456670254468918, "final_train_acc": 0.9996094107627869, "final_val_acc": 1.0, "step_val_acc_99": 3150}