{"final_train_loss": 0.003461542073637247, "final_val_loss": 0.0039762589149177074, "final_train_acc": 1.0, "final_val_acc": 1.0, "step_val_acc_99": 4400}