{"final_train_loss": 0.0028983147349208593, "final_val_loss": 0.0034160520881414413, "final_train_acc": 1.0, "final_val_acc": 1.0, "step_val_acc_99": 4910}