{"x_div_y": {"means": {"final_train_loss_mean": 0.01452522041896979, "final_val_loss_mean": 0.011532883625477552, "final_train_acc_mean": 0.9998698035875956, "final_val_acc_mean": 1.0, "step_val_acc_99_mean": 4093.3333333333335}, "stderrs": {"final_train_loss_stderr": 0.004838013779067009, "final_val_loss_stderr": 0.0030851056109801422, "final_train_acc_stderr": 6.137517739819746e-05, "final_val_acc_stderr": 0.0, "step_val_acc_99_stderr": 226.83544914244408}, "final_info_dict": {"final_train_loss": [0.003461542073637247, 0.005084339063614607, 0.035029780119657516], "final_val_loss": [0.0039762589149177074, 0.006055689416825771, 0.02456670254468918], "final_train_acc": [1.0, 1.0, 0.9996094107627869], "final_val_acc": [1.0, 1.0, 1.0], "step_val_acc_99": [4400, 4730, 3150]}}, "x_minus_y": {"means": {"final_train_loss_mean": 0.005370260449126363, "final_val_loss_mean": 0.0062273105916877585, "final_train_acc_mean": 1.0, "final_val_acc_mean": 1.0, "step_val_acc_99_mean": 4393.333333333333}, "stderrs": {"final_train_loss_stderr": 0.0005859709799352468, "final_val_loss_stderr": 0.0006921969298008072, "final_train_acc_stderr": 0.0, "final_val_acc_stderr": 0.0, "step_val_acc_99_stderr": 148.93034248795726}, "final_info_dict": {"final_train_loss": [0.0028983147349208593, 0.006835362408310175, 0.006377104204148054], "final_val_loss": [0.0034160520881414413, 0.008368441835045815, 0.00689743785187602], "final_train_acc": [1.0, 1.0, 1.0], "final_val_acc": [1.0, 1.0, 1.0], "step_val_acc_99": [4910, 4450, 3820]}}, "x_plus_y": {"means": {"final_train_loss_mean": 0.006917395396158099, "final_val_loss_mean": 0.006345096665124099, "final_train_acc_mean": 1.0, "final_val_acc_mean": 1.0, "step_val_acc_99_mean": 2833.3333333333335}, "stderrs": {"final_train_loss_stderr": 0.0015404165999478286, "final_val_loss_stderr": 0.0011884717911606264, "final_train_acc_stderr": 0.0, "final_val_acc_stderr": 0.0, "step_val_acc_99_stderr": 56.655772373253164}, "final_info_dict": {"final_train_loss": [0.013435492292046547, 0.004070335067808628, 0.0032463588286191225], "final_val_loss": [0.011351832188665867, 0.004359154962003231, 0.0033243028447031975], "final_train_acc": [1.0, 1.0, 1.0], "final_val_acc": [1.0, 1.0, 1.0], "step_val_acc_99": [2900, 2600, 3000]}}, "permutation": {"means": {"final_train_loss_mean": 0.02278129771972696, "final_val_loss_mean": 4.62871527671814, "final_train_acc_mean": 0.9983723958333334, "final_val_acc_mean": 0.3484700520833333, "step_val_acc_99_mean": 7500.0}, "stderrs": {"final_train_loss_stderr": 0.00640835966566885, "final_val_loss_stderr": 1.155330600568782, "final_train_acc_stderr": 0.0007672599622249864, "final_val_acc_stderr": 0.14557622517694516, "step_val_acc_99_stderr": 0.0}, "final_info_dict": {"final_train_loss": [0.006087213288992643, 0.012543772347271442, 0.049712907522916794], "final_val_loss": [0.2429792881011963, 4.925893783569336, 8.717272758483887], "final_train_acc": [1.0, 1.0, 0.9951171875], "final_val_acc": [0.964599609375, 0.07763671875, 0.003173828125], "step_val_acc_99": [7500, 7500, 7500]}}}