{"final_train_loss": 0.049712907522916794, "final_val_loss": 8.717272758483887, "final_train_acc": 0.9951171875, "final_val_acc": 0.003173828125, "step_val_acc_99": 7500}