{"final_train_loss": 0.013435492292046547, "final_val_loss": 0.011351832188665867, "final_train_acc": 1.0, "final_val_acc": 1.0, "step_val_acc_99": 2900}