{"final_train_loss": 0.0032463588286191225, "final_val_loss": 0.0033243028447031975, "final_train_acc": 1.0, "final_val_acc": 1.0, "step_val_acc_99": 3000}