{"final_train_loss": 0.012543772347271442, "final_val_loss": 4.925893783569336, "final_train_acc": 1.0, "final_val_acc": 0.07763671875, "step_val_acc_99": 7500}