{"final_train_loss": 0.006087213288992643, "final_val_loss": 0.2429792881011963, "final_train_acc": 1.0, "final_val_acc": 0.964599609375, "step_val_acc_99": 7500}