{"final_train_loss": 0.006377104204148054, "final_val_loss": 0.00689743785187602, "final_train_acc": 1.0, "final_val_acc": 1.0, "step_val_acc_99": 3820}