{"circle": {"means": {"training_time": 45.76345229148865, "eval_loss": 0.43330059972260615, "inference_time": 0.15790390968322754, "kl_divergence": 0.35058440698147475}}, "dino": {"means": {"training_time": 45.19839596748352, "eval_loss": 0.6621031495921142, "inference_time": 0.1620948314666748, "kl_divergence": 1.513520520170212}}, "line": {"means": {"training_time": 45.36561298370361, "eval_loss": 0.7991727486900662, "inference_time": 0.16071867942810059, "kl_divergence": 0.15480078268381714}}, "moons": {"means": {"training_time": 45.681315898895264, "eval_loss": 0.6135843520426689, "inference_time": 0.17147183418273926, "kl_divergence": 0.09638519422036192}}}