{"final_train_loss": 0.8236799240112305, "best_val_loss": 1.4615951776504517, "total_train_time": 143.49387431144714, "avg_inference_tokens_per_second": 422.4053846665409}