{"final_train_loss": 0.9433975219726562, "best_val_loss": 1.0067728757858276, "total_train_time": 1210.8359467983246, "avg_inference_tokens_per_second": 414.6246392158334}