{"final_train_loss": 0.8035381436347961, "best_val_loss": 1.46610426902771, "total_train_time": 138.00469660758972, "avg_inference_tokens_per_second": 421.86513842699514}