{"final_train_loss": 1.0030183792114258, "best_val_loss": 0.9802110195159912, "total_train_time": 1191.8956553936005, "avg_inference_tokens_per_second": 390.01607473924383}