{"final_train_loss": 0.8011219501495361, "best_val_loss": 1.4710898399353027, "total_train_time": 137.62267208099365, "avg_inference_tokens_per_second": 424.3651102476654}