{"shakespeare_char": {"means": {"final_train_loss_mean": 0.8094466725985209, "best_val_loss_mean": 1.4662630955378215, "total_train_time_mean": 139.70708100001016, "avg_inference_tokens_per_second_mean": 422.8785444470671}, "stderrs": {"final_train_loss_stderr": 0.003370883850165096, "best_val_loss_stderr": 0.0012926020948596214, "total_train_time_stderr": 0.8940684526112485, "avg_inference_tokens_per_second_stderr": 0.35801664656798615}, "final_info_dict": {"final_train_loss": [0.8236799240112305, 0.8011219501495361, 0.8035381436347961], "best_val_loss": [1.4615951776504517, 1.4710898399353027, 1.46610426902771], "total_train_time": [143.49387431144714, 137.62267208099365, 138.00469660758972], "avg_inference_tokens_per_second": [422.4053846665409, 424.3651102476654, 421.86513842699514]}}, "enwik8": {"means": {"final_train_loss_mean": 0.9433975219726562, "best_val_loss_mean": 1.0067728757858276, "total_train_time_mean": 1210.8359467983246, "avg_inference_tokens_per_second_mean": 414.6246392158334}, "stderrs": {"final_train_loss_stderr": 0.0, "best_val_loss_stderr": 0.0, "total_train_time_stderr": 0.0, "avg_inference_tokens_per_second_stderr": 0.0}, "final_info_dict": {"final_train_loss": [0.9433975219726562], "best_val_loss": [1.0067728757858276], "total_train_time": [1210.8359467983246], "avg_inference_tokens_per_second": [414.6246392158334]}}, "text8": {"means": {"final_train_loss_mean": 1.0030183792114258, "best_val_loss_mean": 0.9802110195159912, "total_train_time_mean": 1191.8956553936005, "avg_inference_tokens_per_second_mean": 390.01607473924383}, "stderrs": {"final_train_loss_stderr": 0.0, "best_val_loss_stderr": 0.0, "total_train_time_stderr": 0.0, "avg_inference_tokens_per_second_stderr": 0.0}, "final_info_dict": {"final_train_loss": [1.0030183792114258], "best_val_loss": [0.9802110195159912], "total_train_time": [1191.8956553936005], "avg_inference_tokens_per_second": [390.01607473924383]}}}