{"final_train_loss": 1.0053755044937134, "best_val_loss": 0.980750560760498, "total_train_time": 1189.628823518753, "avg_inference_tokens_per_second": 410.90266803396463}