{"shakespeare_char": {"means": {"final_train_loss_mean": 0.8060949246088663, "best_val_loss_mean": 1.4682018359502156, "total_train_time_mean": 142.441192706426, "avg_inference_tokens_per_second_mean": 420.0450710143821}, "stderrs": {"final_train_loss_stderr": 0.0033847016720442197, "best_val_loss_stderr": 0.000794990433060212, "total_train_time_stderr": 2.1315751724393195, "avg_inference_tokens_per_second_stderr": 1.6878954036303304}, "final_info_dict": {"final_train_loss": [0.8197475671768188, 0.7954133749008179, 0.8031238317489624], "best_val_loss": [1.4708290100097656, 1.4687200784683228, 1.4650564193725586], "total_train_time": [151.4721384048462, 138.3383777141571, 137.51306200027466], "avg_inference_tokens_per_second": [418.0173381894025, 427.00684476949465, 415.11103008424897]}}, "enwik8": {"means": {"final_train_loss_mean": 0.9472248554229736, "best_val_loss_mean": 1.0063371658325195, "total_train_time_mean": 1210.4159588813782, "avg_inference_tokens_per_second_mean": 423.8404041909007}, "stderrs": {"final_train_loss_stderr": 0.0, "best_val_loss_stderr": 0.0, "total_train_time_stderr": 0.0, "avg_inference_tokens_per_second_stderr": 0.0}, "final_info_dict": {"final_train_loss": [0.9472248554229736], "best_val_loss": [1.0063371658325195], "total_train_time": [1210.4159588813782], "avg_inference_tokens_per_second": [423.8404041909007]}}, "text8": {"means": {"final_train_loss_mean": 1.0053755044937134, "best_val_loss_mean": 0.980750560760498, "total_train_time_mean": 1189.628823518753, "avg_inference_tokens_per_second_mean": 410.90266803396463}, "stderrs": {"final_train_loss_stderr": 0.0, "best_val_loss_stderr": 0.0, "total_train_time_stderr": 0.0, "avg_inference_tokens_per_second_stderr": 0.0}, "final_info_dict": {"final_train_loss": [1.0053755044937134], "best_val_loss": [0.980750560760498], "total_train_time": [1189.628823518753], "avg_inference_tokens_per_second": [410.90266803396463]}}}