{"final_train_loss": 0.9472248554229736, "best_val_loss": 1.0063371658325195, "total_train_time": 1210.4159588813782, "avg_inference_tokens_per_second": 423.8404041909007}