{"final_train_loss": 0.0031307439785450697, "final_val_loss": 0.0032174272928386927, "final_train_acc": 1.0, "final_val_acc": 1.0, "step_val_acc_99": 2910}