{"final_train_loss": 0.00667601777240634, "final_val_loss": 0.007513928227126598, "final_train_acc": 1.0, "final_val_acc": 1.0, "step_val_acc_99": 3810}