{"final_train_loss": 0.0082187345251441, "final_val_loss": 0.00932240765541792, "final_train_acc": 1.0, "final_val_acc": 1.0, "step_val_acc_99": 4420}