{"final_train_loss": 0.006670319475233555, "final_val_loss": 0.008033481426537037, "final_train_acc": 1.0, "final_val_acc": 1.0, "step_val_acc_99": 5020}