{"final_train_loss": 0.011907069943845272, "final_val_loss": 7.60258150100708, "final_train_acc": 0.999804675579071, "final_val_acc": 0.0126953125, "step_val_acc_99": 7500}