{"final_train_loss": 0.0025584253016859293, "final_val_loss": 0.002640256192535162, "final_train_acc": 1.0, "final_val_acc": 1.0, "step_val_acc_99": 2010}