{"x_div_y": {"means": {"final_train_loss_mean": 0.03861029647911588, "final_val_loss_mean": 0.03780503757297993, "final_train_acc_mean": 0.998632808526357, "final_val_acc_mean": 0.9988606770833334, "step_val_acc_99_mean": 4236.666666666667}, "stderrs": {"final_train_loss_stderr": 0.014691841536213404, "final_val_loss_stderr": 0.01385528905485551, "final_train_acc_stderr": 0.0006445002414622558, "final_val_acc_stderr": 0.0005370819735574906, "step_val_acc_99_stderr": 100.89720964219102}, "final_info_dict": {"final_train_loss": [0.0082187345251441, 0.10093613713979721, 0.00667601777240634], "final_val_loss": [0.00932240765541792, 0.09657877683639526, 0.007513928227126598], "final_train_acc": [1.0, 0.995898425579071, 1.0], "final_val_acc": [1.0, 0.99658203125, 1.0], "step_val_acc_99": [4420, 4480, 3810]}}, "x_minus_y": {"means": {"final_train_loss_mean": 0.011308611991504828, "final_val_loss_mean": 0.01463261153548956, "final_train_acc_mean": 1.0, "final_val_acc_mean": 1.0, "step_val_acc_99_mean": 4633.333333333333}, "stderrs": {"final_train_loss_stderr": 0.00115132791353305, "final_val_loss_stderr": 0.001843272196553694, "final_train_acc_stderr": 0.0, "final_val_acc_stderr": 0.0, "step_val_acc_99_stderr": 189.39148819962614}, "final_info_dict": {"final_train_loss": [0.012301226146519184, 0.006670319475233555, 0.014954290352761745], "final_val_loss": [0.01429804414510727, 0.008033481426537037, 0.02156630903482437], "final_train_acc": [1.0, 1.0, 1.0], "final_val_acc": [1.0, 1.0, 1.0], "step_val_acc_99": [3830, 5020, 5050]}}, "x_plus_y": {"means": {"final_train_loss_mean": 0.0039054184841612973, "final_val_loss_mean": 0.00418046109067897, "final_train_acc_mean": 1.0, "final_val_acc_mean": 1.0, "step_val_acc_99_mean": 2516.6666666666665}, "stderrs": {"final_train_loss_stderr": 0.0005061102574201412, "final_val_loss_stderr": 0.0005952238667905314, "final_train_acc_stderr": 0.0, "final_val_acc_stderr": 0.0, "step_val_acc_99_stderr": 125.35382023262626}, "final_info_dict": {"final_train_loss": [0.0025584253016859293, 0.0031307439785450697, 0.0060270861722528934], "final_val_loss": [0.002640256192535162, 0.0032174272928386927, 0.006683699786663055], "final_train_acc": [1.0, 1.0, 1.0], "final_val_acc": [1.0, 1.0, 1.0], "step_val_acc_99": [2010, 2910, 2630]}}, "permutation": {"means": {"final_train_loss_mean": 0.017238991955916088, "final_val_loss_mean": 5.594533522923787, "final_train_acc_mean": 0.9998697837193807, "final_val_acc_mean": 0.14347330729166666, "step_val_acc_99_mean": 7500.0}, "stderrs": {"final_train_loss_stderr": 0.003180437559039772, "final_val_loss_stderr": 0.8467538582970126, "final_train_acc_stderr": 3.069227168226661e-05, "final_val_acc_stderr": 0.06044493022658046, "step_val_acc_99_stderr": 0.0}, "final_info_dict": {"final_train_loss": [0.030639613047242165, 0.009170292876660824, 0.011907069943845272], "final_val_loss": [7.170277118682861, 2.010741949081421, 7.60258150100708], "final_train_acc": [0.999804675579071, 1.0, 0.999804675579071], "final_val_acc": [0.017822265625, 0.39990234375, 0.0126953125], "step_val_acc_99": [7500, 7500, 7500]}}}