{"final_train_loss": 0.10093613713979721, "final_val_loss": 0.09657877683639526, "final_train_acc": 0.995898425579071, "final_val_acc": 0.99658203125, "step_val_acc_99": 4480}