{"final_train_loss": 0.014954290352761745, "final_val_loss": 0.02156630903482437, "final_train_acc": 1.0, "final_val_acc": 1.0, "step_val_acc_99": 5050}