{"final_train_loss": 0.030639613047242165, "final_val_loss": 7.170277118682861, "final_train_acc": 0.999804675579071, "final_val_acc": 0.017822265625, "step_val_acc_99": 7500}