{"final_train_loss": 0.0060270861722528934, "final_val_loss": 0.006683699786663055, "final_train_acc": 1.0, "final_val_acc": 1.0, "step_val_acc_99": 2630}