{"final_train_loss": 0.012301226146519184, "final_val_loss": 0.01429804414510727, "final_train_acc": 1.0, "final_val_acc": 1.0, "step_val_acc_99": 3830}