{"final_train_loss": 0.009170292876660824, "final_val_loss": 2.010741949081421, "final_train_acc": 1.0, "final_val_acc": 0.39990234375, "step_val_acc_99": 7500}